Id de pago,fecha,Responsable de pago,Valor,Medio de pago
107433442800,1/5/2024,SN-4001,15000,efectivo
117433442919,2/6/2024,SN-4001,15000,efectivo
127433444038,3/3/2024,SN-4001,15000,efectivo
129433445157,4/9/2024,SN-4001,15000,efectivo
129533445276,5/4/2024,SN-4001,15000,efectivo
139533445395,6/3/2024,SN-4001,15000,efectivo
149533446514,7/1/2024,SN-4001,20000,efectivo
149533446634,8/2/2024,SN-4001,20000,efectivo
149533446754,9/13/2024,SN-4001,22000,efectivo
169533546873,10/15/2024,SN-4001,22000,efectivo
189533546992,11/22/2024,SN-4001,22000,efectivo
199533547072,12/13/2024,SN-4001,22000,efectivo
107433442873,1/5/2024,SN-4002,15000,efectivo
117433442992,2/6/2024,SN-4002,15000,efectivo
127433444111,3/3/2024,SN-4002,15000,efectivo
129433445230,4/9/2024,SN-4002,15000,efectivo
129533445349,5/4/2024,SN-4002,15000,efectivo
139533445468,6/3/2024,SN-4002,15000,efectivo
149533446587,7/1/2024,SN-4002,20000,efectivo
149533446707,8/2/2024,SN-4002,20000,efectivo
149533446827,9/3/2024,SN-4002,20000,efectivo
169533546946,10/5/2024,SN-4002,20000,efectivo
189533547065,11/2/2024,SN-4002,20000,efectivo
199533547145,12/3/2024,SN-4002,20000,efectivo
107433442885,1/5/2024,SN-4003,15000,efectivo
117433443004,2/6/2024,SN-4003,15000,efectivo
127433444123,3/3/2024,SN-4003,15000,efectivo
129433445242,4/9/2024,SN-4003,15000,efectivo
129533445361,5/4/2024,SN-4003,15000,efectivo
139533445480,6/3/2024,SN-4003,15000,efectivo
149533446599,7/1/2024,SN-4003,20000,efectivo
149533446719,8/2/2024,SN-4003,20000,efectivo
149533446839,9/3/2024,SN-4003,20000,efectivo
169533546958,10/5/2024,SN-4003,20000,efectivo
189533547077,11/2/2024,SN-4003,20000,efectivo
199533547157,12/3/2024,SN-4003,20000,efectivo
107433442796,1/5/2024,SN-4004,15000,efectivo
117433442915,2/6/2024,SN-4004,15000,efectivo
127433444034,3/3/2024,SN-4004,15000,efectivo
129433445153,4/9/2024,SN-4004,15000,efectivo
129533445272,5/4/2024,SN-4004,15000,efectivo
139533445391,6/3/2024,SN-4004,15000,efectivo
149533446510,7/1/2024,SN-4004,20000,efectivo
149533446630,8/2/2024,SN-4004,20000,efectivo
149533446750,9/3/2024,SN-4004,20000,efectivo
169533546869,10/5/2024,SN-4004,20000,efectivo
189533546988,11/2/2024,SN-4004,20000,efectivo
199533547068,12/3/2024,SN-4004,20000,efectivo
107433442861,1/5/2024,SN-4005,15000,efectivo
117433442980,2/6/2024,SN-4005,15000,efectivo
127433444099,3/3/2024,SN-4005,15000,efectivo
129433445218,4/9/2024,SN-4005,15000,efectivo
129533445337,5/4/2024,SN-4005,15000,efectivo
139533445456,6/3/2024,SN-4005,15000,efectivo
149533446575,7/1/2024,SN-4005,20000,efectivo
149533446695,8/2/2024,SN-4005,20000,efectivo
149533446815,9/3/2024,SN-4005,20000,efectivo
169533546934,10/5/2024,SN-4005,20000,efectivo
189533547053,11/2/2024,SN-4005,20000,efectivo
199533547133,12/3/2024,SN-4005,20000,efectivo
107433442819,1/5/2024,SN-4006,15000,efectivo
117433442938,2/6/2024,SN-4006,15000,efectivo
127433444057,3/3/2024,SN-4006,15000,efectivo
129433445176,4/9/2024,SN-4006,15000,efectivo
129533445295,5/4/2024,SN-4006,15000,efectivo
139533445414,6/3/2024,SN-4006,15000,efectivo
149533446533,7/1/2024,SN-4006,20000,efectivo
149533446653,8/2/2024,SN-4006,20000,efectivo
149533446773,9/13/2024,SN-4006,22000,efectivo
169533546892,10/15/2024,SN-4006,22000,efectivo
189533547011,11/22/2024,SN-4006,22000,efectivo
199533547091,12/13/2024,SN-4006,22000,efectivo
107433442814,1/5/2024,SN-4007,15000,efectivo
117433442933,2/6/2024,SN-4007,15000,efectivo
127433444052,3/3/2024,SN-4007,15000,efectivo
129433445171,4/9/2024,SN-4007,15000,efectivo
129533445290,5/4/2024,SN-4007,15000,efectivo
139533445409,6/3/2024,SN-4007,15000,efectivo
149533446528,7/1/2024,SN-4007,20000,efectivo
149533446648,8/2/2024,SN-4007,20000,efectivo
149533446768,9/3/2024,SN-4007,20000,efectivo
169533546887,10/5/2024,SN-4007,20000,efectivo
189533547006,11/2/2024,SN-4007,20000,efectivo
199533547086,12/3/2024,SN-4007,20000,efectivo
107433442866,1/5/2024,SN-4008,15000,efectivo
117433442985,2/6/2024,SN-4008,15000,efectivo
127433444104,3/3/2024,SN-4008,15000,efectivo
129433445223,4/9/2024,SN-4008,15000,efectivo
129533445342,5/4/2024,SN-4008,15000,efectivo
139533445461,6/3/2024,SN-4008,15000,efectivo
149533446580,7/1/2024,SN-4008,20000,efectivo
149533446700,8/2/2024,SN-4008,20000,efectivo
149533446820,9/3/2024,SN-4008,20000,efectivo
169533546939,10/5/2024,SN-4008,20000,efectivo
189533547058,11/2/2024,SN-4008,20000,efectivo
199533547138,12/3/2024,SN-4008,20000,efectivo
107433442864,1/5/2024,SN-4009,15000,efectivo
117433442983,2/6/2024,SN-4009,15000,efectivo
127433444102,3/3/2024,SN-4009,15000,efectivo
129433445221,4/9/2024,SN-4009,15000,efectivo
129533445340,5/4/2024,SN-4009,15000,efectivo
139533445459,6/3/2024,SN-4009,15000,efectivo
149533446578,7/1/2024,SN-4009,20000,efectivo
149533446698,8/2/2024,SN-4009,20000,efectivo
149533446818,9/3/2024,SN-4009,20000,efectivo
169533546937,10/5/2024,SN-4009,20000,efectivo
189533547056,11/2/2024,SN-4009,20000,efectivo
199533547136,12/3/2024,SN-4009,20000,efectivo
107433442823,1/5/2024,SN-4010,15000,efectivo
117433442942,2/6/2024,SN-4010,15000,efectivo
127433444061,3/3/2024,SN-4010,15000,efectivo
129433445180,4/9/2024,SN-4010,15000,efectivo
129533445299,5/4/2024,SN-4010,15000,efectivo
139533445418,6/3/2024,SN-4010,15000,efectivo
149533446537,7/1/2024,SN-4010,20000,efectivo
149533446657,8/2/2024,SN-4010,20000,efectivo
149533446777,9/3/2024,SN-4010,20000,efectivo
169533546896,10/5/2024,SN-4010,20000,efectivo
189533547015,11/2/2024,SN-4010,20000,efectivo
199533547095,12/3/2024,SN-4010,20000,efectivo
107433442820,1/5/2024,SN-4011,15000,efectivo
117433442939,2/6/2024,SN-4011,15000,efectivo
127433444058,3/3/2024,SN-4011,15000,efectivo
129433445177,4/9/2024,SN-4011,15000,efectivo
129533445296,5/4/2024,SN-4011,15000,efectivo
139533445415,6/3/2024,SN-4011,15000,efectivo
149533446534,7/1/2024,SN-4011,20000,efectivo
149533446654,8/2/2024,SN-4011,20000,efectivo
149533446774,9/3/2024,SN-4011,20000,efectivo
169533546893,10/5/2024,SN-4011,20000,efectivo
189533547012,11/2/2024,SN-4011,20000,efectivo
199533547092,12/3/2024,SN-4011,20000,efectivo
107433442810,1/5/2024,SN-4012,15000,efectivo
117433442929,2/6/2024,SN-4012,15000,efectivo
127433444048,3/3/2024,SN-4012,15000,efectivo
129433445167,4/9/2024,SN-4012,15000,efectivo
129533445286,5/4/2024,SN-4012,15000,efectivo
139533445405,6/3/2024,SN-4012,15000,efectivo
149533446524,7/1/2024,SN-4012,20000,efectivo
149533446644,8/2/2024,SN-4012,20000,efectivo
149533446764,9/3/2024,SN-4012,20000,efectivo
169533546883,10/5/2024,SN-4012,20000,efectivo
189533547002,11/2/2024,SN-4012,20000,efectivo
199533547082,12/3/2024,SN-4012,20000,efectivo
107433442874,1/5/2024,SN-4013,15000,efectivo
117433442993,2/6/2024,SN-4013,15000,efectivo
127433444112,3/3/2024,SN-4013,15000,efectivo
129433445231,4/9/2024,SN-4013,15000,efectivo
129533445350,5/4/2024,SN-4013,15000,efectivo
139533445469,6/3/2024,SN-4013,15000,efectivo
149533446588,7/1/2024,SN-4013,20000,efectivo
149533446708,8/2/2024,SN-4013,20000,efectivo
149533446828,9/3/2024,SN-4013,20000,efectivo
169533546947,10/5/2024,SN-4013,20000,efectivo
189533547066,11/2/2024,SN-4013,20000,efectivo
199533547146,12/3/2024,SN-4013,20000,efectivo
107433442867,1/5/2024,SN-4014,15000,efectivo
117433442986,2/6/2024,SN-4014,15000,efectivo
127433444105,3/3/2024,SN-4014,15000,efectivo
129433445224,4/9/2024,SN-4014,15000,efectivo
129533445343,5/4/2024,SN-4014,15000,efectivo
139533445462,6/3/2024,SN-4014,15000,efectivo
149533446581,7/1/2024,SN-4014,20000,efectivo
149533446701,8/2/2024,SN-4014,20000,efectivo
149533446821,9/3/2024,SN-4014,20000,efectivo
169533546940,10/5/2024,SN-4014,20000,efectivo
189533547059,11/2/2024,SN-4014,20000,efectivo
199533547139,12/3/2024,SN-4014,20000,efectivo
107433442852,1/5/2024,SN-4015,15000,efectivo
117433442971,2/6/2024,SN-4015,15000,efectivo
127433444090,3/3/2024,SN-4015,15000,efectivo
129433445209,4/9/2024,SN-4015,15000,efectivo
129533445328,5/4/2024,SN-4015,15000,efectivo
139533445447,6/3/2024,SN-4015,15000,efectivo
149533446566,7/1/2024,SN-4015,20000,efectivo
149533446686,8/2/2024,SN-4015,20000,efectivo
149533446806,9/13/2024,SN-4015,22000,efectivo
169533546925,10/15/2024,SN-4015,22000,efectivo
189533547044,11/22/2024,SN-4015,22000,efectivo
199533547124,12/13/2024,SN-4015,22000,efectivo
107433442889,1/5/2024,SN-4016,15000,efectivo
117433443008,2/6/2024,SN-4016,15000,efectivo
127433444127,3/3/2024,SN-4016,15000,efectivo
129433445246,4/9/2024,SN-4016,15000,efectivo
129533445365,5/4/2024,SN-4016,15000,efectivo
139533445484,6/3/2024,SN-4016,15000,efectivo
149533446603,7/1/2024,SN-4016,20000,efectivo
149533446723,8/2/2024,SN-4016,20000,efectivo
149533446843,9/3/2024,SN-4016,20000,efectivo
169533546962,10/5/2024,SN-4016,20000,efectivo
189533547081,11/2/2024,SN-4016,20000,efectivo
199533547161,12/3/2024,SN-4016,20000,efectivo
107433442902,1/5/2024,SN-4017,15000,efectivo
117433443021,2/6/2024,SN-4017,15000,efectivo
127433444140,3/3/2024,SN-4017,15000,efectivo
129433445259,4/9/2024,SN-4017,15000,efectivo
129533445378,5/4/2024,SN-4017,15000,efectivo
139533445497,6/3/2024,SN-4017,15000,efectivo
149533446616,7/1/2024,SN-4017,20000,efectivo
149533446736,8/2/2024,SN-4017,20000,efectivo
149533446856,9/3/2024,SN-4017,20000,efectivo
169533546975,10/5/2024,SN-4017,20000,efectivo
189533547094,11/2/2024,SN-4017,20000,efectivo
199533547174,12/3/2024,SN-4017,20000,efectivo
107433442842,1/5/2024,SN-4018,15000,efectivo
117433442961,2/6/2024,SN-4018,15000,efectivo
127433444080,3/3/2024,SN-4018,15000,efectivo
129433445199,4/9/2024,SN-4018,15000,efectivo
129533445318,5/4/2024,SN-4018,15000,efectivo
139533445437,6/3/2024,SN-4018,15000,efectivo
149533446556,7/1/2024,SN-4018,20000,efectivo
149533446676,8/2/2024,SN-4018,20000,efectivo
149533446796,9/13/2024,SN-4018,22000,efectivo
169533546915,10/15/2024,SN-4018,22000,efectivo
189533547034,11/22/2024,SN-4018,22000,efectivo
199533547114,12/13/2024,SN-4018,22000,efectivo
107433442875,1/5/2024,SN-4019,15000,efectivo
117433442994,2/6/2024,SN-4019,15000,efectivo
127433444113,3/3/2024,SN-4019,15000,efectivo
129433445232,4/9/2024,SN-4019,15000,efectivo
129533445351,5/4/2024,SN-4019,15000,efectivo
139533445470,6/3/2024,SN-4019,15000,efectivo
149533446589,7/1/2024,SN-4019,20000,efectivo
149533446709,8/2/2024,SN-4019,20000,efectivo
149533446829,9/3/2024,SN-4019,20000,efectivo
169533546948,10/5/2024,SN-4019,20000,efectivo
189533547067,11/2/2024,SN-4019,20000,efectivo
199533547147,12/3/2024,SN-4019,20000,efectivo
107433442804,1/5/2024,SN-4020,15000,efectivo
117433442923,2/6/2024,SN-4020,15000,efectivo
127433444042,3/3/2024,SN-4020,15000,efectivo
129433445161,4/9/2024,SN-4020,15000,efectivo
129533445280,5/4/2024,SN-4020,15000,efectivo
139533445399,6/3/2024,SN-4020,15000,efectivo
149533446518,7/1/2024,SN-4020,20000,efectivo
149533446638,8/2/2024,SN-4020,20000,efectivo
149533446758,9/3/2024,SN-4020,20000,efectivo
169533546877,10/5/2024,SN-4020,20000,efectivo
189533546996,11/2/2024,SN-4020,20000,efectivo
199533547076,12/3/2024,SN-4020,20000,efectivo
107433442811,1/5/2024,SN-4021,15000,efectivo
117433442930,2/6/2024,SN-4021,15000,efectivo
127433444049,3/3/2024,SN-4021,15000,efectivo
129433445168,4/9/2024,SN-4021,15000,efectivo
129533445287,5/4/2024,SN-4021,15000,efectivo
139533445406,6/3/2024,SN-4021,15000,efectivo
149533446525,7/1/2024,SN-4021,20000,efectivo
149533446645,8/2/2024,SN-4021,20000,efectivo
149533446765,9/3/2024,SN-4021,20000,efectivo
169533546884,10/5/2024,SN-4021,20000,efectivo
189533547003,11/2/2024,SN-4021,20000,efectivo
199533547083,12/3/2024,SN-4021,20000,efectivo
107433442825,1/5/2024,SN-4022,15000,efectivo
117433442944,2/6/2024,SN-4022,15000,efectivo
127433444063,3/3/2024,SN-4022,15000,efectivo
129433445182,4/9/2024,SN-4022,15000,efectivo
129533445301,5/4/2024,SN-4022,15000,efectivo
139533445420,6/3/2024,SN-4022,15000,efectivo
149533446539,7/1/2024,SN-4022,20000,efectivo
149533446659,8/2/2024,SN-4022,20000,efectivo
149533446779,9/13/2024,SN-4022,22000,efectivo
169533546898,10/15/2024,SN-4022,22000,efectivo
189533547017,11/22/2024,SN-4022,22000,efectivo
199533547097,12/13/2024,SN-4022,22000,efectivo
107433442843,1/5/2024,SN-4023,15000,efectivo
117433442962,2/6/2024,SN-4023,15000,efectivo
127433444081,3/3/2024,SN-4023,15000,efectivo
129433445200,4/9/2024,SN-4023,15000,efectivo
129533445319,5/4/2024,SN-4023,15000,efectivo
139533445438,6/3/2024,SN-4023,15000,efectivo
149533446557,7/1/2024,SN-4023,20000,efectivo
149533446677,8/2/2024,SN-4023,20000,efectivo
149533446797,9/3/2024,SN-4023,20000,efectivo
169533546916,10/5/2024,SN-4023,20000,efectivo
189533547035,11/2/2024,SN-4023,20000,efectivo
199533547115,12/3/2024,SN-4023,20000,efectivo
107433442899,1/5/2024,SN-4024,15000,efectivo
117433443018,2/6/2024,SN-4024,15000,efectivo
127433444137,3/3/2024,SN-4024,15000,efectivo
129433445256,4/9/2024,SN-4024,15000,efectivo
129533445375,5/4/2024,SN-4024,15000,efectivo
139533445494,6/3/2024,SN-4024,15000,efectivo
149533446613,7/1/2024,SN-4024,20000,efectivo
149533446733,8/2/2024,SN-4024,20000,efectivo
149533446853,9/3/2024,SN-4024,20000,efectivo
169533546972,10/5/2024,SN-4024,20000,efectivo
189533547091,11/2/2024,SN-4024,20000,efectivo
199533547171,12/3/2024,SN-4024,20000,efectivo
107433442827,1/5/2024,SN-4025,15000,efectivo
117433442946,2/6/2024,SN-4025,15000,efectivo
127433444065,3/3/2024,SN-4025,15000,efectivo
129433445184,4/9/2024,SN-4025,15000,efectivo
129533445303,5/4/2024,SN-4025,15000,efectivo
139533445422,6/3/2024,SN-4025,15000,efectivo
149533446541,7/1/2024,SN-4025,20000,efectivo
149533446661,8/2/2024,SN-4025,20000,efectivo
149533446781,9/3/2024,SN-4025,20000,efectivo
169533546900,10/5/2024,SN-4025,20000,efectivo
189533547019,11/2/2024,SN-4025,20000,efectivo
199533547099,12/3/2024,SN-4025,20000,efectivo
107433442833,1/5/2024,SN-4026,15000,efectivo
117433442952,2/6/2024,SN-4026,15000,efectivo
127433444071,3/3/2024,SN-4026,15000,efectivo
129433445190,4/9/2024,SN-4026,15000,efectivo
129533445309,5/4/2024,SN-4026,15000,efectivo
139533445428,6/3/2024,SN-4026,15000,efectivo
149533446547,7/1/2024,SN-4026,20000,efectivo
149533446667,8/2/2024,SN-4026,20000,efectivo
149533446787,9/13/2024,SN-4026,22000,efectivo
169533546906,10/15/2024,SN-4026,22000,efectivo
189533547025,11/22/2024,SN-4026,22000,efectivo
199533547105,12/13/2024,SN-4026,22000,efectivo
107433442900,1/5/2024,SN-4027,15000,efectivo
117433443019,2/6/2024,SN-4027,15000,efectivo
127433444138,3/3/2024,SN-4027,15000,efectivo
129433445257,4/9/2024,SN-4027,15000,efectivo
129533445376,5/4/2024,SN-4027,15000,efectivo
139533445495,6/3/2024,SN-4027,15000,efectivo
149533446614,7/1/2024,SN-4027,20000,efectivo
149533446734,8/2/2024,SN-4027,20000,efectivo
149533446854,9/3/2024,SN-4027,20000,efectivo
169533546973,10/5/2024,SN-4027,20000,efectivo
189533547092,11/2/2024,SN-4027,20000,efectivo
199533547172,12/3/2024,SN-4027,20000,efectivo
107433442786,1/5/2024,SN-4028,15000,efectivo
117433442905,2/6/2024,SN-4028,15000,efectivo
127433444024,3/3/2024,SN-4028,15000,efectivo
129433445143,4/9/2024,SN-4028,15000,efectivo
129533445262,5/4/2024,SN-4028,15000,efectivo
139533445381,6/3/2024,SN-4028,15000,efectivo
149533446500,7/1/2024,SN-4028,20000,efectivo
149533446620,8/2/2024,SN-4028,20000,efectivo
149533446740,9/3/2024,SN-4028,20000,efectivo
169533546859,10/5/2024,SN-4028,20000,efectivo
189533546978,11/2/2024,SN-4028,20000,efectivo
199533547058,12/3/2024,SN-4028,20000,efectivo
107433442840,1/5/2024,SN-4029,15000,efectivo
117433442959,2/6/2024,SN-4029,15000,efectivo
127433444078,3/3/2024,SN-4029,15000,efectivo
129433445197,4/9/2024,SN-4029,15000,efectivo
129533445316,5/4/2024,SN-4029,15000,efectivo
139533445435,6/3/2024,SN-4029,15000,efectivo
149533446554,7/1/2024,SN-4029,20000,efectivo
149533446674,8/2/2024,SN-4029,20000,efectivo
149533446794,9/3/2024,SN-4029,20000,efectivo
169533546913,10/5/2024,SN-4029,20000,efectivo
189533547032,11/2/2024,SN-4029,20000,efectivo
199533547112,12/3/2024,SN-4029,20000,efectivo
107433442787,1/5/2024,SN-4030,15000,efectivo
117433442906,2/6/2024,SN-4030,15000,efectivo
127433444025,3/3/2024,SN-4030,15000,efectivo
129433445144,4/9/2024,SN-4030,15000,efectivo
129533445263,5/4/2024,SN-4030,15000,efectivo
139533445382,6/3/2024,SN-4030,15000,efectivo
149533446501,7/1/2024,SN-4030,20000,efectivo
149533446621,8/2/2024,SN-4030,20000,efectivo
149533446741,9/3/2024,SN-4030,20000,efectivo
169533546860,10/5/2024,SN-4030,20000,efectivo
189533546979,11/2/2024,SN-4030,20000,efectivo
199533547059,12/3/2024,SN-4030,20000,efectivo
107433442890,1/5/2024,SN-4031,15000,efectivo
117433443009,2/6/2024,SN-4031,15000,efectivo
127433444128,3/3/2024,SN-4031,15000,efectivo
129433445247,4/9/2024,SN-4031,15000,efectivo
129533445366,5/4/2024,SN-4031,15000,efectivo
139533445485,6/3/2024,SN-4031,15000,efectivo
149533446604,7/1/2024,SN-4031,20000,efectivo
149533446724,8/2/2024,SN-4031,20000,efectivo
149533446844,9/3/2024,SN-4031,20000,efectivo
169533546963,10/5/2024,SN-4031,20000,efectivo
189533547082,11/2/2024,SN-4031,20000,efectivo
199533547162,12/3/2024,SN-4031,20000,efectivo
107433442860,1/5/2024,SN-4032,15000,efectivo
117433442979,2/6/2024,SN-4032,15000,efectivo
127433444098,3/3/2024,SN-4032,15000,efectivo
129433445217,4/9/2024,SN-4032,15000,efectivo
129533445336,5/4/2024,SN-4032,15000,efectivo
139533445455,6/3/2024,SN-4032,15000,efectivo
149533446574,7/1/2024,SN-4032,20000,efectivo
149533446694,8/2/2024,SN-4032,20000,efectivo
149533446814,9/3/2024,SN-4032,20000,efectivo
169533546933,10/5/2024,SN-4032,20000,efectivo
189533547052,11/2/2024,SN-4032,20000,efectivo
199533547132,12/3/2024,SN-4032,20000,efectivo
107433442865,1/5/2024,SN-4033,15000,efectivo
117433442984,2/6/2024,SN-4033,15000,efectivo
127433444103,3/3/2024,SN-4033,15000,efectivo
129433445222,4/9/2024,SN-4033,15000,efectivo
129533445341,5/4/2024,SN-4033,15000,efectivo
139533445460,6/3/2024,SN-4033,15000,efectivo
149533446579,7/1/2024,SN-4033,20000,efectivo
149533446699,8/2/2024,SN-4033,20000,efectivo
149533446819,9/3/2024,SN-4033,20000,efectivo
169533546938,10/5/2024,SN-4033,20000,efectivo
189533547057,11/2/2024,SN-4033,20000,efectivo
199533547137,12/3/2024,SN-4033,20000,efectivo
107433442794,1/5/2024,SN-4034,15000,efectivo
117433442913,2/6/2024,SN-4034,15000,efectivo
127433444032,3/3/2024,SN-4034,15000,efectivo
129433445151,4/9/2024,SN-4034,15000,efectivo
129533445270,5/4/2024,SN-4034,15000,efectivo
139533445389,6/3/2024,SN-4034,15000,efectivo
149533446508,7/1/2024,SN-4034,20000,efectivo
149533446628,8/2/2024,SN-4034,20000,efectivo
149533446748,9/3/2024,SN-4034,20000,efectivo
169533546867,10/5/2024,SN-4034,20000,efectivo
189533546986,11/2/2024,SN-4034,20000,efectivo
199533547066,12/3/2024,SN-4034,20000,efectivo
107433442862,1/5/2024,SN-4035,15000,efectivo
117433442981,2/6/2024,SN-4035,15000,efectivo
127433444100,3/3/2024,SN-4035,15000,efectivo
129433445219,4/9/2024,SN-4035,15000,efectivo
129533445338,5/4/2024,SN-4035,15000,efectivo
139533445457,6/3/2024,SN-4035,15000,efectivo
149533446576,7/1/2024,SN-4035,20000,efectivo
149533446696,8/2/2024,SN-4035,20000,efectivo
149533446816,9/3/2024,SN-4035,20000,efectivo
169533546935,10/5/2024,SN-4035,20000,efectivo
189533547054,11/2/2024,SN-4035,20000,efectivo
199533547134,12/3/2024,SN-4035,20000,efectivo
107433442845,1/5/2024,SN-4036,15000,efectivo
117433442964,2/6/2024,SN-4036,15000,efectivo
127433444083,3/3/2024,SN-4036,15000,efectivo
129433445202,4/9/2024,SN-4036,15000,efectivo
129533445321,5/4/2024,SN-4036,15000,efectivo
139533445440,6/3/2024,SN-4036,15000,efectivo
149533446559,7/1/2024,SN-4036,20000,efectivo
149533446679,8/2/2024,SN-4036,20000,efectivo
149533446799,9/3/2024,SN-4036,20000,efectivo
169533546918,10/5/2024,SN-4036,20000,efectivo
189533547037,11/2/2024,SN-4036,20000,efectivo
199533547117,12/3/2024,SN-4036,20000,efectivo
107433442846,1/5/2024,SN-4037,15000,efectivo
117433442965,2/6/2024,SN-4037,15000,efectivo
127433444084,3/3/2024,SN-4037,15000,efectivo
129433445203,4/9/2024,SN-4037,15000,efectivo
129533445322,5/4/2024,SN-4037,15000,efectivo
139533445441,6/3/2024,SN-4037,15000,efectivo
149533446560,7/1/2024,SN-4037,20000,efectivo
149533446680,8/2/2024,SN-4037,20000,efectivo
149533446800,9/3/2024,SN-4037,20000,efectivo
169533546919,10/5/2024,SN-4037,20000,efectivo
189533547038,11/2/2024,SN-4037,20000,efectivo
199533547118,12/3/2024,SN-4037,20000,efectivo
107433442848,1/5/2024,SN-4038,15000,efectivo
117433442967,2/6/2024,SN-4038,15000,efectivo
127433444086,3/3/2024,SN-4038,15000,efectivo
129433445205,4/9/2024,SN-4038,15000,efectivo
129533445324,5/4/2024,SN-4038,15000,efectivo
139533445443,6/3/2024,SN-4038,15000,efectivo
149533446562,7/1/2024,SN-4038,20000,efectivo
149533446682,8/2/2024,SN-4038,20000,efectivo
149533446802,9/13/2024,SN-4038,22000,efectivo
169533546921,10/15/2024,SN-4038,22000,efectivo
189533547040,11/22/2024,SN-4038,22000,efectivo
199533547120,12/13/2024,SN-4038,22000,efectivo
107433442839,1/5/2024,SN-4039,15000,efectivo
117433442958,2/6/2024,SN-4039,15000,efectivo
127433444077,3/3/2024,SN-4039,15000,efectivo
129433445196,4/9/2024,SN-4039,15000,efectivo
129533445315,5/4/2024,SN-4039,15000,efectivo
139533445434,6/3/2024,SN-4039,15000,efectivo
149533446553,7/1/2024,SN-4039,20000,efectivo
149533446673,8/2/2024,SN-4039,20000,efectivo
149533446793,9/3/2024,SN-4039,20000,efectivo
169533546912,10/5/2024,SN-4039,20000,efectivo
189533547031,11/2/2024,SN-4039,20000,efectivo
199533547111,12/3/2024,SN-4039,20000,efectivo
107433442884,1/5/2024,SN-4040,15000,efectivo
117433443003,2/6/2024,SN-4040,15000,efectivo
127433444122,3/3/2024,SN-4040,15000,efectivo
129433445241,4/9/2024,SN-4040,15000,efectivo
129533445360,5/4/2024,SN-4040,15000,efectivo
139533445479,6/3/2024,SN-4040,15000,efectivo
149533446598,7/1/2024,SN-4040,20000,efectivo
149533446718,8/2/2024,SN-4040,20000,efectivo
149533446838,9/3/2024,SN-4040,20000,efectivo
169533546957,10/5/2024,SN-4040,20000,efectivo
189533547076,11/2/2024,SN-4040,20000,efectivo
199533547156,12/3/2024,SN-4040,20000,efectivo
107433442869,1/5/2024,SN-4041,15000,efectivo
117433442988,2/6/2024,SN-4041,15000,efectivo
127433444107,3/3/2024,SN-4041,15000,efectivo
129433445226,4/9/2024,SN-4041,15000,efectivo
129533445345,5/4/2024,SN-4041,15000,efectivo
139533445464,6/3/2024,SN-4041,15000,efectivo
149533446583,7/1/2024,SN-4041,20000,efectivo
149533446703,8/2/2024,SN-4041,20000,efectivo
149533446823,9/13/2024,SN-4041,22000,efectivo
169533546942,10/15/2024,SN-4041,22000,efectivo
189533547061,11/22/2024,SN-4041,22000,efectivo
199533547141,12/13/2024,SN-4041,22000,efectivo
107433442905,1/5/2024,SN-4042,15000,efectivo
117433443024,2/6/2024,SN-4042,15000,efectivo
127433444143,3/3/2024,SN-4042,15000,efectivo
129433445262,4/9/2024,SN-4042,15000,efectivo
129533445381,5/4/2024,SN-4042,15000,efectivo
139533445500,6/3/2024,SN-4042,15000,efectivo
149533446619,7/1/2024,SN-4042,20000,efectivo
149533446739,8/2/2024,SN-4042,20000,efectivo
149533446859,9/3/2024,SN-4042,20000,efectivo
169533546978,10/5/2024,SN-4042,20000,efectivo
199533547057,11/2/2024,SN-4042,20000,efectivo
199533547177,12/3/2024,SN-4042,20000,efectivo
107433442901,1/5/2024,SN-4043,15000,efectivo
117433443020,2/6/2024,SN-4043,15000,efectivo
127433444139,3/3/2024,SN-4043,15000,efectivo
129433445258,4/9/2024,SN-4043,15000,efectivo
129533445377,5/4/2024,SN-4043,15000,efectivo
139533445496,6/3/2024,SN-4043,15000,efectivo
149533446615,7/1/2024,SN-4043,20000,efectivo
149533446735,8/2/2024,SN-4043,20000,efectivo
149533446855,9/3/2024,SN-4043,20000,efectivo
169533546974,10/5/2024,SN-4043,20000,efectivo
189533547093,11/2/2024,SN-4043,20000,efectivo
199533547173,12/3/2024,SN-4043,20000,efectivo
107433442903,1/5/2024,SN-4044,15000,efectivo
117433443022,2/6/2024,SN-4044,15000,efectivo
127433444141,3/3/2024,SN-4044,15000,efectivo
129433445260,4/9/2024,SN-4044,15000,efectivo
129533445379,5/4/2024,SN-4044,15000,efectivo
139533445498,6/3/2024,SN-4044,15000,efectivo
149533446617,7/1/2024,SN-4044,20000,efectivo
149533446737,8/2/2024,SN-4044,20000,efectivo
149533446857,9/3/2024,SN-4044,20000,efectivo
169533546976,10/5/2024,SN-4044,20000,efectivo
189533547095,11/2/2024,SN-4044,20000,efectivo
199533547175,12/3/2024,SN-4044,20000,efectivo
107433442879,1/5/2024,SN-4045,15000,efectivo
117433442998,2/6/2024,SN-4045,15000,efectivo
127433444117,3/3/2024,SN-4045,15000,efectivo
129433445236,4/9/2024,SN-4045,15000,efectivo
129533445355,5/4/2024,SN-4045,15000,efectivo
139533445474,6/3/2024,SN-4045,15000,efectivo
149533446593,7/1/2024,SN-4045,20000,efectivo
149533446713,8/2/2024,SN-4045,20000,efectivo
149533446833,9/3/2024,SN-4045,20000,efectivo
169533546952,10/5/2024,SN-4045,20000,efectivo
189533547071,11/2/2024,SN-4045,20000,efectivo
199533547151,12/3/2024,SN-4045,20000,efectivo
107433442792,1/5/2024,SN-4046,15000,efectivo
117433442911,2/6/2024,SN-4046,15000,efectivo
127433444030,3/3/2024,SN-4046,15000,efectivo
129433445149,4/9/2024,SN-4046,15000,efectivo
129533445268,5/4/2024,SN-4046,15000,efectivo
139533445387,6/3/2024,SN-4046,15000,efectivo
149533446506,7/1/2024,SN-4046,20000,efectivo
149533446626,8/2/2024,SN-4046,20000,efectivo
149533446746,9/3/2024,SN-4046,20000,efectivo
169533546865,10/5/2024,SN-4046,20000,efectivo
189533546984,11/2/2024,SN-4046,20000,efectivo
199533547064,12/3/2024,SN-4046,20000,efectivo
107433442830,1/5/2024,SN-4047,15000,efectivo
117433442949,2/6/2024,SN-4047,15000,efectivo
127433444068,3/3/2024,SN-4047,15000,efectivo
129433445187,4/9/2024,SN-4047,15000,efectivo
129533445306,5/4/2024,SN-4047,15000,efectivo
139533445425,6/3/2024,SN-4047,15000,efectivo
149533446544,7/1/2024,SN-4047,20000,efectivo
149533446664,8/2/2024,SN-4047,20000,efectivo
149533446784,9/13/2024,SN-4047,22000,efectivo
169533546903,10/15/2024,SN-4047,22000,efectivo
189533547022,11/22/2024,SN-4047,22000,efectivo
199533547102,12/13/2024,SN-4047,22000,efectivo
107433442849,1/5/2024,SN-4048,15000,efectivo
117433442968,2/6/2024,SN-4048,15000,efectivo
127433444087,3/3/2024,SN-4048,15000,efectivo
129433445206,4/9/2024,SN-4048,15000,efectivo
129533445325,5/4/2024,SN-4048,15000,efectivo
139533445444,6/3/2024,SN-4048,15000,efectivo
149533446563,7/1/2024,SN-4048,20000,efectivo
149533446683,8/2/2024,SN-4048,20000,efectivo
149533446803,9/3/2024,SN-4048,20000,efectivo
169533546922,10/5/2024,SN-4048,20000,efectivo
189533547041,11/2/2024,SN-4048,20000,efectivo
199533547121,12/3/2024,SN-4048,20000,efectivo
107433442826,1/5/2024,SN-4049,15000,efectivo
117433442945,2/6/2024,SN-4049,15000,efectivo
127433444064,3/3/2024,SN-4049,15000,efectivo
129433445183,4/9/2024,SN-4049,15000,efectivo
129533445302,5/4/2024,SN-4049,15000,efectivo
139533445421,6/3/2024,SN-4049,15000,efectivo
149533446540,7/1/2024,SN-4049,20000,efectivo
149533446660,8/2/2024,SN-4049,20000,efectivo
149533446780,9/3/2024,SN-4049,20000,efectivo
169533546899,10/5/2024,SN-4049,20000,efectivo
189533547018,11/2/2024,SN-4049,20000,efectivo
199533547098,12/3/2024,SN-4049,20000,efectivo
107433442841,1/5/2024,SN-4050,15000,efectivo
117433442960,2/6/2024,SN-4050,15000,efectivo
127433444079,3/3/2024,SN-4050,15000,efectivo
129433445198,4/9/2024,SN-4050,15000,efectivo
129533445317,5/4/2024,SN-4050,15000,efectivo
139533445436,6/3/2024,SN-4050,15000,efectivo
149533446555,7/1/2024,SN-4050,20000,efectivo
149533446675,8/2/2024,SN-4050,20000,efectivo
149533446795,9/3/2024,SN-4050,20000,efectivo
169533546914,10/5/2024,SN-4050,20000,efectivo
189533547033,11/2/2024,SN-4050,20000,efectivo
199533547113,12/3/2024,SN-4050,20000,efectivo
107433442854,1/5/2024,SN-4051,15000,efectivo
117433442973,2/6/2024,SN-4051,15000,efectivo
127433444092,3/3/2024,SN-4051,15000,efectivo
129433445211,4/9/2024,SN-4051,15000,efectivo
129533445330,5/4/2024,SN-4051,15000,efectivo
139533445449,6/3/2024,SN-4051,15000,efectivo
149533446568,7/1/2024,SN-4051,20000,efectivo
149533446688,8/2/2024,SN-4051,20000,efectivo
149533446808,9/3/2024,SN-4051,20000,efectivo
169533546927,10/5/2024,SN-4051,20000,efectivo
189533547046,11/2/2024,SN-4051,20000,efectivo
199533547126,12/3/2024,SN-4051,20000,efectivo
107433442813,1/5/2024,SN-4052,15000,efectivo
117433442932,2/6/2024,SN-4052,15000,efectivo
127433444051,3/3/2024,SN-4052,15000,efectivo
129433445170,4/9/2024,SN-4052,15000,efectivo
129533445289,5/4/2024,SN-4052,15000,efectivo
139533445408,6/3/2024,SN-4052,15000,efectivo
149533446527,7/1/2024,SN-4052,20000,efectivo
149533446647,8/2/2024,SN-4052,20000,efectivo
149533446767,9/3/2024,SN-4052,20000,efectivo
169533546886,10/5/2024,SN-4052,20000,efectivo
189533547005,11/2/2024,SN-4052,20000,efectivo
199533547085,12/3/2024,SN-4052,20000,efectivo
107433442886,1/5/2024,SN-4053,15000,efectivo
117433443005,2/6/2024,SN-4053,15000,efectivo
127433444124,3/3/2024,SN-4053,15000,efectivo
129433445243,4/9/2024,SN-4053,15000,efectivo
129533445362,5/4/2024,SN-4053,15000,efectivo
139533445481,6/3/2024,SN-4053,15000,efectivo
149533446600,7/1/2024,SN-4053,20000,efectivo
149533446720,8/2/2024,SN-4053,20000,efectivo
149533446840,9/3/2024,SN-4053,20000,efectivo
169533546959,10/5/2024,SN-4053,20000,efectivo
189533547078,11/2/2024,SN-4053,20000,efectivo
199533547158,12/3/2024,SN-4053,20000,efectivo
107433442847,1/5/2024,SN-4054,15000,efectivo
117433442966,2/6/2024,SN-4054,15000,efectivo
127433444085,3/3/2024,SN-4054,15000,efectivo
129433445204,4/9/2024,SN-4054,15000,efectivo
129533445323,5/4/2024,SN-4054,15000,efectivo
139533445442,6/3/2024,SN-4054,15000,efectivo
149533446561,7/1/2024,SN-4054,20000,efectivo
149533446681,8/2/2024,SN-4054,20000,efectivo
149533446801,9/3/2024,SN-4054,20000,efectivo
169533546920,10/5/2024,SN-4054,20000,efectivo
189533547039,11/2/2024,SN-4054,20000,efectivo
199533547119,12/3/2024,SN-4054,20000,efectivo
107433442789,1/5/2024,SN-4055,15000,efectivo
117433442908,2/6/2024,SN-4055,15000,efectivo
127433444027,3/3/2024,SN-4055,15000,efectivo
129433445146,4/9/2024,SN-4055,15000,efectivo
129533445265,5/4/2024,SN-4055,15000,efectivo
139533445384,6/3/2024,SN-4055,15000,efectivo
149533446503,7/1/2024,SN-4055,20000,efectivo
149533446623,8/2/2024,SN-4055,20000,efectivo
149533446743,9/3/2024,SN-4055,20000,efectivo
169533546862,10/5/2024,SN-4055,20000,efectivo
189533546981,11/2/2024,SN-4055,20000,efectivo
199533547061,12/3/2024,SN-4055,20000,efectivo
107433442876,1/5/2024,SN-4056,15000,efectivo
117433442995,2/6/2024,SN-4056,15000,efectivo
127433444114,3/3/2024,SN-4056,15000,efectivo
129433445233,4/9/2024,SN-4056,15000,efectivo
129533445352,5/4/2024,SN-4056,15000,efectivo
139533445471,6/3/2024,SN-4056,15000,efectivo
149533446590,7/1/2024,SN-4056,20000,efectivo
149533446710,8/2/2024,SN-4056,20000,efectivo
149533446830,9/3/2024,SN-4056,20000,efectivo
169533546949,10/5/2024,SN-4056,20000,efectivo
189533547068,11/2/2024,SN-4056,20000,efectivo
199533547148,12/3/2024,SN-4056,20000,efectivo
107433442891,1/5/2024,SN-4057,15000,efectivo
117433443010,2/6/2024,SN-4057,15000,efectivo
127433444129,3/3/2024,SN-4057,15000,efectivo
129433445248,4/9/2024,SN-4057,15000,efectivo
129533445367,5/4/2024,SN-4057,15000,efectivo
139533445486,6/3/2024,SN-4057,15000,efectivo
149533446605,7/1/2024,SN-4057,20000,efectivo
149533446725,8/2/2024,SN-4057,20000,efectivo
149533446845,9/3/2024,SN-4057,20000,efectivo
169533546964,10/5/2024,SN-4057,20000,efectivo
189533547083,11/2/2024,SN-4057,20000,efectivo
199533547163,12/3/2024,SN-4057,20000,efectivo
107433442805,1/5/2024,SN-4058,15000,efectivo
117433442924,2/6/2024,SN-4058,15000,efectivo
127433444043,3/3/2024,SN-4058,15000,efectivo
129433445162,4/9/2024,SN-4058,15000,efectivo
129533445281,5/4/2024,SN-4058,15000,efectivo
139533445400,6/3/2024,SN-4058,15000,efectivo
149533446519,7/1/2024,SN-4058,20000,efectivo
149533446639,8/2/2024,SN-4058,20000,efectivo
149533446759,9/3/2024,SN-4058,20000,efectivo
169533546878,10/5/2024,SN-4058,20000,efectivo
189533546997,11/2/2024,SN-4058,20000,efectivo
199533547077,12/3/2024,SN-4058,20000,efectivo
107433442870,1/5/2024,SN-4059,15000,efectivo
117433442989,2/6/2024,SN-4059,15000,efectivo
127433444108,3/3/2024,SN-4059,15000,efectivo
129433445227,4/9/2024,SN-4059,15000,efectivo
129533445346,5/4/2024,SN-4059,15000,efectivo
139533445465,6/3/2024,SN-4059,15000,efectivo
149533446584,7/1/2024,SN-4059,20000,efectivo
149533446704,8/2/2024,SN-4059,20000,efectivo
149533446824,9/13/2024,SN-4059,22000,efectivo
169533546943,10/15/2024,SN-4059,22000,efectivo
189533547062,11/22/2024,SN-4059,22000,efectivo
199533547142,12/13/2024,SN-4059,22000,efectivo
107433442853,1/5/2024,SN-4060,15000,efectivo
117433442972,2/6/2024,SN-4060,15000,efectivo
127433444091,3/3/2024,SN-4060,15000,efectivo
129433445210,4/9/2024,SN-4060,15000,efectivo
129533445329,5/4/2024,SN-4060,15000,efectivo
139533445448,6/3/2024,SN-4060,15000,efectivo
149533446567,7/1/2024,SN-4060,20000,efectivo
149533446687,8/2/2024,SN-4060,20000,efectivo
149533446807,9/3/2024,SN-4060,20000,efectivo
169533546926,10/5/2024,SN-4060,20000,efectivo
189533547045,11/2/2024,SN-4060,20000,efectivo
199533547125,12/3/2024,SN-4060,20000,efectivo
107433442855,1/5/2024,SN-4061,15000,efectivo
117433442974,2/6/2024,SN-4061,15000,efectivo
127433444093,3/3/2024,SN-4061,15000,efectivo
129433445212,4/9/2024,SN-4061,15000,efectivo
129533445331,5/4/2024,SN-4061,15000,efectivo
139533445450,6/3/2024,SN-4061,15000,efectivo
149533446569,7/1/2024,SN-4061,20000,efectivo
149533446689,8/2/2024,SN-4061,20000,efectivo
149533446809,9/3/2024,SN-4061,20000,efectivo
169533546928,10/5/2024,SN-4061,20000,efectivo
189533547047,11/2/2024,SN-4061,20000,efectivo
199533547127,12/3/2024,SN-4061,20000,efectivo
107433442856,1/5/2024,SN-4062,15000,efectivo
117433442975,2/6/2024,SN-4062,15000,efectivo
127433444094,3/3/2024,SN-4062,15000,efectivo
129433445213,4/9/2024,SN-4062,15000,efectivo
129533445332,5/4/2024,SN-4062,15000,efectivo
139533445451,6/3/2024,SN-4062,15000,efectivo
149533446570,7/1/2024,SN-4062,20000,efectivo
149533446690,8/2/2024,SN-4062,20000,efectivo
149533446810,9/3/2024,SN-4062,20000,efectivo
169533546929,10/5/2024,SN-4062,20000,efectivo
189533547048,11/2/2024,SN-4062,20000,efectivo
199533547128,12/3/2024,SN-4062,20000,efectivo
107433442859,1/5/2024,SN-4063,15000,efectivo
117433442978,2/6/2024,SN-4063,15000,efectivo
127433444097,3/3/2024,SN-4063,15000,efectivo
129433445216,4/9/2024,SN-4063,15000,efectivo
129533445335,5/4/2024,SN-4063,15000,efectivo
139533445454,6/3/2024,SN-4063,15000,efectivo
149533446573,7/1/2024,SN-4063,20000,efectivo
149533446693,8/2/2024,SN-4063,20000,efectivo
149533446813,9/3/2024,SN-4063,20000,efectivo
169533546932,10/5/2024,SN-4063,20000,efectivo
189533547051,11/2/2024,SN-4063,20000,efectivo
199533547131,12/3/2024,SN-4063,20000,efectivo
107433442896,1/5/2024,SN-4064,15000,efectivo
117433443015,2/6/2024,SN-4064,15000,efectivo
127433444134,3/3/2024,SN-4064,15000,efectivo
129433445253,4/9/2024,SN-4064,15000,efectivo
129533445372,5/4/2024,SN-4064,15000,efectivo
139533445491,6/3/2024,SN-4064,15000,efectivo
149533446610,7/1/2024,SN-4064,20000,efectivo
149533446730,8/2/2024,SN-4064,20000,efectivo
149533446850,9/3/2024,SN-4064,20000,efectivo
169533546969,10/5/2024,SN-4064,20000,efectivo
189533547088,11/2/2024,SN-4064,20000,efectivo
199533547168,12/3/2024,SN-4064,20000,efectivo
107433442791,1/5/2024,SN-4065,15000,efectivo
117433442910,2/6/2024,SN-4065,15000,efectivo
127433444029,3/3/2024,SN-4065,15000,efectivo
129433445148,4/9/2024,SN-4065,15000,efectivo
129533445267,5/4/2024,SN-4065,15000,efectivo
139533445386,6/3/2024,SN-4065,15000,efectivo
149533446505,7/1/2024,SN-4065,20000,efectivo
149533446625,8/2/2024,SN-4065,20000,efectivo
149533446745,9/3/2024,SN-4065,20000,efectivo
169533546864,10/5/2024,SN-4065,20000,efectivo
189533546983,11/2/2024,SN-4065,20000,efectivo
199533547063,12/3/2024,SN-4065,20000,efectivo
107433442816,1/5/2024,SN-4066,15000,efectivo
117433442935,2/6/2024,SN-4066,15000,efectivo
127433444054,3/3/2024,SN-4066,15000,efectivo
129433445173,4/9/2024,SN-4066,15000,efectivo
129533445292,5/4/2024,SN-4066,15000,efectivo
139533445411,6/3/2024,SN-4066,15000,efectivo
149533446530,7/1/2024,SN-4066,20000,efectivo
149533446650,8/2/2024,SN-4066,20000,efectivo
149533446770,9/3/2024,SN-4066,20000,efectivo
169533546889,10/5/2024,SN-4066,20000,efectivo
189533547008,11/2/2024,SN-4066,20000,efectivo
199533547088,12/3/2024,SN-4066,20000,efectivo
107433442880,1/5/2024,SN-4067,15000,efectivo
117433442999,2/6/2024,SN-4067,15000,efectivo
127433444118,3/3/2024,SN-4067,15000,efectivo
129433445237,4/9/2024,SN-4067,15000,efectivo
129533445356,5/4/2024,SN-4067,15000,efectivo
139533445475,6/3/2024,SN-4067,15000,efectivo
149533446594,7/1/2024,SN-4067,20000,efectivo
149533446714,8/2/2024,SN-4067,20000,efectivo
149533446834,9/13/2024,SN-4067,22000,efectivo
169533546953,10/15/2024,SN-4067,22000,efectivo
189533547072,11/22/2024,SN-4067,22000,efectivo
199533547152,12/13/2024,SN-4067,22000,efectivo
107433442883,1/5/2024,SN-4068,15000,efectivo
117433443002,2/6/2024,SN-4068,15000,efectivo
127433444121,3/3/2024,SN-4068,15000,efectivo
129433445240,4/9/2024,SN-4068,15000,efectivo
129533445359,5/4/2024,SN-4068,15000,efectivo
139533445478,6/3/2024,SN-4068,15000,efectivo
149533446597,7/1/2024,SN-4068,20000,efectivo
149533446717,8/2/2024,SN-4068,20000,efectivo
149533446837,9/3/2024,SN-4068,20000,efectivo
169533546956,10/5/2024,SN-4068,20000,efectivo
189533547075,11/2/2024,SN-4068,20000,efectivo
199533547155,12/3/2024,SN-4068,20000,efectivo
107433442888,1/5/2024,SN-4069,15000,efectivo
117433443007,2/6/2024,SN-4069,15000,efectivo
127433444126,3/3/2024,SN-4069,15000,efectivo
129433445245,4/9/2024,SN-4069,15000,efectivo
129533445364,5/4/2024,SN-4069,15000,efectivo
139533445483,6/3/2024,SN-4069,15000,efectivo
149533446602,7/1/2024,SN-4069,20000,efectivo
149533446722,8/2/2024,SN-4069,20000,efectivo
149533446842,9/3/2024,SN-4069,20000,efectivo
169533546961,10/5/2024,SN-4069,20000,efectivo
189533547080,11/2/2024,SN-4069,20000,efectivo
199533547160,12/3/2024,SN-4069,20000,efectivo
107433442818,1/5/2024,SN-4070,15000,efectivo
117433442937,2/6/2024,SN-4070,15000,efectivo
127433444056,3/3/2024,SN-4070,15000,efectivo
129433445175,4/9/2024,SN-4070,15000,efectivo
129533445294,5/4/2024,SN-4070,15000,efectivo
139533445413,6/3/2024,SN-4070,15000,efectivo
149533446532,7/1/2024,SN-4070,20000,efectivo
149533446652,8/2/2024,SN-4070,20000,efectivo
149533446772,9/3/2024,SN-4070,20000,efectivo
169533546891,10/5/2024,SN-4070,20000,efectivo
189533547010,11/2/2024,SN-4070,20000,efectivo
199533547090,12/3/2024,SN-4070,20000,efectivo
107433442822,1/5/2024,SN-4071,15000,efectivo
117433442941,2/6/2024,SN-4071,15000,efectivo
127433444060,3/3/2024,SN-4071,15000,efectivo
129433445179,4/9/2024,SN-4071,15000,efectivo
129533445298,5/4/2024,SN-4071,15000,efectivo
139533445417,6/3/2024,SN-4071,15000,efectivo
149533446536,7/1/2024,SN-4071,20000,efectivo
149533446656,8/2/2024,SN-4071,20000,efectivo
149533446776,9/3/2024,SN-4071,20000,efectivo
169533546895,10/5/2024,SN-4071,20000,efectivo
189533547014,11/2/2024,SN-4071,20000,efectivo
199533547094,12/3/2024,SN-4071,20000,efectivo
107433442844,1/5/2024,SN-4072,15000,efectivo
117433442963,2/6/2024,SN-4072,15000,efectivo
127433444082,3/3/2024,SN-4072,15000,efectivo
129433445201,4/9/2024,SN-4072,15000,efectivo
129533445320,5/4/2024,SN-4072,15000,efectivo
139533445439,6/3/2024,SN-4072,15000,efectivo
149533446558,7/1/2024,SN-4072,20000,efectivo
149533446678,8/2/2024,SN-4072,20000,efectivo
149533446798,9/13/2024,SN-4072,22000,efectivo
169533546917,10/15/2024,SN-4072,22000,efectivo
189533547036,11/22/2024,SN-4072,22000,efectivo
199533547116,12/13/2024,SN-4072,22000,efectivo
107433442871,1/5/2024,SN-4073,15000,efectivo
117433442990,2/6/2024,SN-4073,15000,efectivo
127433444109,3/3/2024,SN-4073,15000,efectivo
129433445228,4/9/2024,SN-4073,15000,efectivo
129533445347,5/4/2024,SN-4073,15000,efectivo
139533445466,6/3/2024,SN-4073,15000,efectivo
149533446585,7/1/2024,SN-4073,20000,efectivo
149533446705,8/2/2024,SN-4073,20000,efectivo
149533446825,9/3/2024,SN-4073,20000,efectivo
169533546944,10/5/2024,SN-4073,20000,efectivo
189533547063,11/2/2024,SN-4073,20000,efectivo
199533547143,12/3/2024,SN-4073,20000,efectivo
107433442858,1/5/2024,SN-4074,15000,efectivo
117433442977,2/6/2024,SN-4074,15000,efectivo
127433444096,3/3/2024,SN-4074,15000,efectivo
129433445215,4/9/2024,SN-4074,15000,efectivo
129533445334,5/4/2024,SN-4074,15000,efectivo
139533445453,6/3/2024,SN-4074,15000,efectivo
149533446572,7/1/2024,SN-4074,20000,efectivo
149533446692,8/2/2024,SN-4074,20000,efectivo
149533446812,9/3/2024,SN-4074,20000,efectivo
169533546931,10/5/2024,SN-4074,20000,efectivo
189533547050,11/2/2024,SN-4074,20000,efectivo
199533547130,12/3/2024,SN-4074,20000,efectivo
107433442850,1/5/2024,SN-4075,15000,efectivo
117433442969,2/6/2024,SN-4075,15000,efectivo
127433444088,3/3/2024,SN-4075,15000,efectivo
129433445207,4/9/2024,SN-4075,15000,efectivo
129533445326,5/4/2024,SN-4075,15000,efectivo
139533445445,6/3/2024,SN-4075,15000,efectivo
149533446564,7/1/2024,SN-4075,20000,efectivo
149533446684,8/2/2024,SN-4075,20000,efectivo
149533446804,9/13/2024,SN-4075,22000,efectivo
169533546923,10/15/2024,SN-4075,22000,efectivo
189533547042,11/22/2024,SN-4075,22000,efectivo
199533547122,12/13/2024,SN-4075,22000,efectivo
107433442851,1/5/2024,SN-4076,15000,efectivo
117433442970,2/6/2024,SN-4076,15000,efectivo
127433444089,3/3/2024,SN-4076,15000,efectivo
129433445208,4/9/2024,SN-4076,15000,efectivo
129533445327,5/4/2024,SN-4076,15000,efectivo
139533445446,6/3/2024,SN-4076,15000,efectivo
149533446565,7/1/2024,SN-4076,20000,efectivo
149533446685,8/2/2024,SN-4076,20000,efectivo
149533446805,9/3/2024,SN-4076,20000,efectivo
169533546924,10/5/2024,SN-4076,20000,efectivo
189533547043,11/2/2024,SN-4076,20000,efectivo
199533547123,12/3/2024,SN-4076,20000,efectivo
107433442857,1/5/2024,SN-4077,15000,efectivo
117433442976,2/6/2024,SN-4077,15000,efectivo
127433444095,3/3/2024,SN-4077,15000,efectivo
129433445214,4/9/2024,SN-4077,15000,efectivo
129533445333,5/4/2024,SN-4077,15000,efectivo
139533445452,6/3/2024,SN-4077,15000,efectivo
149533446571,7/1/2024,SN-4077,20000,efectivo
149533446691,8/2/2024,SN-4077,20000,efectivo
149533446811,9/3/2024,SN-4077,20000,efectivo
169533546930,10/5/2024,SN-4077,20000,efectivo
189533547049,11/2/2024,SN-4077,20000,efectivo
199533547129,12/3/2024,SN-4077,20000,efectivo
107433442868,1/5/2024,SN-4078,15000,efectivo
117433442987,2/6/2024,SN-4078,15000,efectivo
127433444106,3/3/2024,SN-4078,15000,efectivo
129433445225,4/9/2024,SN-4078,15000,efectivo
129533445344,5/4/2024,SN-4078,15000,efectivo
139533445463,6/3/2024,SN-4078,15000,efectivo
149533446582,7/1/2024,SN-4078,20000,efectivo
149533446702,8/2/2024,SN-4078,20000,efectivo
149533446822,9/13/2024,SN-4078,22000,efectivo
169533546941,10/15/2024,SN-4078,22000,efectivo
189533547060,11/22/2024,SN-4078,22000,efectivo
199533547140,12/13/2024,SN-4078,22000,efectivo
107433442877,1/5/2024,SN-4079,15000,efectivo
117433442996,2/6/2024,SN-4079,15000,efectivo
127433444115,3/3/2024,SN-4079,15000,efectivo
129433445234,4/9/2024,SN-4079,15000,efectivo
129533445353,5/4/2024,SN-4079,15000,efectivo
139533445472,6/3/2024,SN-4079,15000,efectivo
149533446591,7/1/2024,SN-4079,20000,efectivo
149533446711,8/2/2024,SN-4079,20000,efectivo
149533446831,9/3/2024,SN-4079,20000,efectivo
169533546950,10/5/2024,SN-4079,20000,efectivo
189533547069,11/2/2024,SN-4079,20000,efectivo
199533547149,12/3/2024,SN-4079,20000,efectivo
107433442872,1/5/2024,SN-4080,15000,efectivo
117433442991,2/6/2024,SN-4080,15000,efectivo
127433444110,3/3/2024,SN-4080,15000,efectivo
129433445229,4/9/2024,SN-4080,15000,efectivo
129533445348,5/4/2024,SN-4080,15000,efectivo
139533445467,6/3/2024,SN-4080,15000,efectivo
149533446586,7/1/2024,SN-4080,20000,efectivo
149533446706,8/2/2024,SN-4080,20000,efectivo
149533446826,9/3/2024,SN-4080,20000,efectivo
169533546945,10/5/2024,SN-4080,20000,efectivo
189533547064,11/2/2024,SN-4080,20000,efectivo
199533547144,12/3/2024,SN-4080,20000,efectivo
107433442878,1/5/2024,SN-4081,15000,efectivo
117433442997,2/6/2024,SN-4081,15000,efectivo
127433444116,3/3/2024,SN-4081,15000,efectivo
129433445235,4/9/2024,SN-4081,15000,efectivo
129533445354,5/4/2024,SN-4081,15000,efectivo
139533445473,6/3/2024,SN-4081,15000,efectivo
149533446592,7/1/2024,SN-4081,20000,efectivo
149533446712,8/2/2024,SN-4081,20000,efectivo
149533446832,9/3/2024,SN-4081,20000,efectivo
169533546951,10/5/2024,SN-4081,20000,efectivo
189533547070,11/2/2024,SN-4081,20000,efectivo
199533547150,12/3/2024,SN-4081,20000,efectivo
107433442892,1/5/2024,SN-4082,15000,efectivo
117433443011,2/6/2024,SN-4082,15000,efectivo
127433444130,3/3/2024,SN-4082,15000,efectivo
129433445249,4/9/2024,SN-4082,15000,efectivo
129533445368,5/4/2024,SN-4082,15000,efectivo
139533445487,6/3/2024,SN-4082,15000,efectivo
149533446606,7/1/2024,SN-4082,20000,efectivo
149533446726,8/2/2024,SN-4082,20000,efectivo
149533446846,9/3/2024,SN-4082,20000,efectivo
169533546965,10/5/2024,SN-4082,20000,efectivo
189533547084,11/2/2024,SN-4082,20000,efectivo
199533547164,12/3/2024,SN-4082,20000,efectivo
107433442893,1/5/2024,SN-4083,15000,efectivo
117433443012,2/6/2024,SN-4083,15000,efectivo
127433444131,3/3/2024,SN-4083,15000,efectivo
129433445250,4/9/2024,SN-4083,15000,efectivo
129533445369,5/4/2024,SN-4083,15000,efectivo
139533445488,6/3/2024,SN-4083,15000,efectivo
149533446607,7/1/2024,SN-4083,20000,efectivo
149533446727,8/2/2024,SN-4083,20000,efectivo
149533446847,9/3/2024,SN-4083,20000,efectivo
169533546966,10/5/2024,SN-4083,20000,efectivo
189533547085,11/2/2024,SN-4083,20000,efectivo
199533547165,12/3/2024,SN-4083,20000,efectivo
107433442894,1/5/2024,SN-4084,15000,efectivo
117433443013,2/6/2024,SN-4084,15000,efectivo
127433444132,3/3/2024,SN-4084,15000,efectivo
129433445251,4/9/2024,SN-4084,15000,efectivo
129533445370,5/4/2024,SN-4084,15000,efectivo
139533445489,6/3/2024,SN-4084,15000,efectivo
149533446608,7/1/2024,SN-4084,20000,efectivo
149533446728,8/2/2024,SN-4084,20000,efectivo
149533446848,9/3/2024,SN-4084,20000,efectivo
169533546967,10/5/2024,SN-4084,20000,efectivo
189533547086,11/2/2024,SN-4084,20000,efectivo
199533547166,12/3/2024,SN-4084,20000,efectivo
107433442895,1/5/2024,SN-4085,15000,efectivo
117433443014,2/6/2024,SN-4085,15000,efectivo
127433444133,3/3/2024,SN-4085,15000,efectivo
129433445252,4/9/2024,SN-4085,15000,efectivo
129533445371,5/4/2024,SN-4085,15000,efectivo
139533445490,6/3/2024,SN-4085,15000,efectivo
149533446609,7/1/2024,SN-4085,20000,efectivo
149533446729,8/2/2024,SN-4085,20000,efectivo
149533446849,9/3/2024,SN-4085,20000,efectivo
169533546968,10/5/2024,SN-4085,20000,efectivo
189533547087,11/2/2024,SN-4085,20000,efectivo
199533547167,12/3/2024,SN-4085,20000,efectivo
107433442897,1/5/2024,SN-4086,15000,efectivo
117433443016,2/6/2024,SN-4086,15000,efectivo
127433444135,3/3/2024,SN-4086,15000,efectivo
129433445254,4/9/2024,SN-4086,15000,efectivo
129533445373,5/4/2024,SN-4086,15000,efectivo
139533445492,6/3/2024,SN-4086,15000,efectivo
149533446611,7/1/2024,SN-4086,20000,efectivo
149533446731,8/2/2024,SN-4086,20000,efectivo
149533446851,9/3/2024,SN-4086,20000,efectivo
169533546970,10/5/2024,SN-4086,20000,efectivo
189533547089,11/2/2024,SN-4086,20000,efectivo
199533547169,12/3/2024,SN-4086,20000,efectivo
107433442898,1/5/2024,SN-4087,15000,efectivo
117433443017,2/6/2024,SN-4087,15000,efectivo
127433444136,3/3/2024,SN-4087,15000,efectivo
129433445255,4/9/2024,SN-4087,15000,efectivo
129533445374,5/4/2024,SN-4087,15000,efectivo
139533445493,6/3/2024,SN-4087,15000,efectivo
149533446612,7/1/2024,SN-4087,20000,efectivo
149533446732,8/2/2024,SN-4087,20000,efectivo
149533446852,9/3/2024,SN-4087,20000,efectivo
169533546971,10/5/2024,SN-4087,20000,efectivo
189533547090,11/2/2024,SN-4087,20000,efectivo
199533547170,12/3/2024,SN-4087,20000,efectivo
107433442904,1/5/2024,SN-4088,15000,efectivo
117433443023,2/6/2024,SN-4088,15000,efectivo
127433444142,3/3/2024,SN-4088,15000,efectivo
129433445261,4/9/2024,SN-4088,15000,efectivo
129533445380,5/4/2024,SN-4088,15000,efectivo
139533445499,6/3/2024,SN-4088,15000,efectivo
149533446618,7/1/2024,SN-4088,20000,efectivo
149533446738,8/2/2024,SN-4088,20000,efectivo
149533446858,9/3/2024,SN-4088,20000,efectivo
169533546977,10/5/2024,SN-4088,20000,efectivo
189533547096,11/2/2024,SN-4088,20000,efectivo
199533547176,12/3/2024,SN-4088,20000,efectivo
107433442793,1/5/2024,SN-4089,15000,efectivo
117433442912,2/6/2024,SN-4089,15000,efectivo
127433444031,3/3/2024,SN-4089,15000,efectivo
129433445150,4/9/2024,SN-4089,15000,efectivo
129533445269,5/4/2024,SN-4089,15000,efectivo
139533445388,6/3/2024,SN-4089,15000,efectivo
149533446507,7/1/2024,SN-4089,20000,efectivo
149533446627,8/2/2024,SN-4089,20000,efectivo
149533446747,9/3/2024,SN-4089,20000,efectivo
169533546866,10/5/2024,SN-4089,20000,efectivo
189533546985,11/2/2024,SN-4089,20000,efectivo
199533547065,12/3/2024,SN-4089,20000,efectivo
107433442795,1/5/2024,SN-4090,15000,efectivo
117433442914,2/6/2024,SN-4090,15000,efectivo
127433444033,3/3/2024,SN-4090,15000,efectivo
129433445152,4/9/2024,SN-4090,15000,efectivo
129533445271,5/4/2024,SN-4090,15000,efectivo
139533445390,6/3/2024,SN-4090,15000,efectivo
149533446509,7/1/2024,SN-4090,20000,efectivo
149533446629,8/2/2024,SN-4090,20000,efectivo
149533446749,9/3/2024,SN-4090,20000,efectivo
169533546868,10/5/2024,SN-4090,20000,efectivo
189533546987,11/2/2024,SN-4090,20000,efectivo
199533547067,12/3/2024,SN-4090,20000,efectivo
107433442797,1/5/2024,SN-4091,15000,efectivo
117433442916,2/6/2024,SN-4091,15000,efectivo
127433444035,3/3/2024,SN-4091,15000,efectivo
129433445154,4/9/2024,SN-4091,15000,efectivo
129533445273,5/4/2024,SN-4091,15000,efectivo
139533445392,6/3/2024,SN-4091,15000,efectivo
149533446511,7/1/2024,SN-4091,20000,efectivo
149533446631,8/2/2024,SN-4091,20000,efectivo
149533446751,9/13/2024,SN-4091,22000,efectivo
169533546870,10/15/2024,SN-4091,22000,efectivo
189533546989,11/22/2024,SN-4091,22000,efectivo
199533547069,12/13/2024,SN-4091,22000,efectivo
107433442798,1/5/2024,SN-4092,15000,efectivo
117433442917,2/6/2024,SN-4092,15000,efectivo
127433444036,3/3/2024,SN-4092,15000,efectivo
129433445155,4/9/2024,SN-4092,15000,efectivo
129533445274,5/4/2024,SN-4092,15000,efectivo
139533445393,6/3/2024,SN-4092,15000,efectivo
149533446512,7/1/2024,SN-4092,20000,efectivo
149533446632,8/2/2024,SN-4092,20000,efectivo
149533446752,9/3/2024,SN-4092,20000,efectivo
169533546871,10/5/2024,SN-4092,20000,efectivo
189533546990,11/2/2024,SN-4092,20000,efectivo
199533547070,12/3/2024,SN-4092,20000,efectivo
107433442799,1/5/2024,SN-4093,15000,efectivo
117433442918,2/6/2024,SN-4093,15000,efectivo
127433444037,3/3/2024,SN-4093,15000,efectivo
129433445156,4/9/2024,SN-4093,15000,efectivo
129533445275,5/4/2024,SN-4093,15000,efectivo
139533445394,6/3/2024,SN-4093,15000,efectivo
149533446513,7/1/2024,SN-4093,20000,efectivo
149533446633,8/2/2024,SN-4093,20000,efectivo
149533446753,9/3/2024,SN-4093,20000,efectivo
169533546872,10/5/2024,SN-4093,20000,efectivo
189533546991,11/2/2024,SN-4093,20000,efectivo
199533547071,12/3/2024,SN-4093,20000,efectivo
107433442801,1/5/2024,SN-4094,15000,efectivo
117433442920,2/6/2024,SN-4094,15000,efectivo
127433444039,3/3/2024,SN-4094,15000,efectivo
129433445158,4/9/2024,SN-4094,15000,efectivo
129533445277,5/4/2024,SN-4094,15000,efectivo
139533445396,6/3/2024,SN-4094,15000,efectivo
149533446515,7/1/2024,SN-4094,20000,efectivo
149533446635,8/2/2024,SN-4094,20000,efectivo
149533446755,9/13/2024,SN-4094,22000,efectivo
169533546874,10/15/2024,SN-4094,22000,efectivo
189533546993,11/22/2024,SN-4094,22000,efectivo
199533547073,12/13/2024,SN-4094,22000,efectivo
107433442807,1/5/2024,SN-4095,15000,efectivo
117433442926,2/6/2024,SN-4095,15000,efectivo
127433444045,3/3/2024,SN-4095,15000,efectivo
129433445164,4/9/2024,SN-4095,15000,efectivo
129533445283,5/4/2024,SN-4095,15000,efectivo
139533445402,6/3/2024,SN-4095,15000,efectivo
149533446521,7/1/2024,SN-4095,20000,efectivo
149533446641,8/2/2024,SN-4095,20000,efectivo
149533446761,9/3/2024,SN-4095,20000,efectivo
169533546880,10/5/2024,SN-4095,20000,efectivo
189533546999,11/2/2024,SN-4095,20000,efectivo
199533547079,12/3/2024,SN-4095,20000,efectivo
107433442808,1/5/2024,SN-4096,15000,efectivo
117433442927,2/6/2024,SN-4096,15000,efectivo
127433444046,3/3/2024,SN-4096,15000,efectivo
129433445165,4/9/2024,SN-4096,15000,efectivo
129533445284,5/4/2024,SN-4096,15000,efectivo
139533445403,6/3/2024,SN-4096,15000,efectivo
149533446522,7/1/2024,SN-4096,20000,efectivo
149533446642,8/2/2024,SN-4096,20000,efectivo
149533446762,9/13/2024,SN-4096,22000,efectivo
169533546881,10/15/2024,SN-4096,22000,efectivo
189533547000,11/22/2024,SN-4096,22000,efectivo
199533547080,12/13/2024,SN-4096,22000,efectivo
107433442809,1/5/2024,SN-4097,15000,efectivo
117433442928,2/6/2024,SN-4097,15000,efectivo
127433444047,3/3/2024,SN-4097,15000,efectivo
129433445166,4/9/2024,SN-4097,15000,efectivo
129533445285,5/4/2024,SN-4097,15000,efectivo
139533445404,6/3/2024,SN-4097,15000,efectivo
149533446523,7/1/2024,SN-4097,20000,efectivo
149533446643,8/2/2024,SN-4097,20000,efectivo
149533446763,9/3/2024,SN-4097,20000,efectivo
169533546882,10/5/2024,SN-4097,20000,efectivo
189533547001,11/2/2024,SN-4097,20000,efectivo
199533547081,12/3/2024,SN-4097,20000,efectivo
107433442812,1/5/2024,SN-4098,15000,efectivo
117433442931,2/6/2024,SN-4098,15000,efectivo
127433444050,3/3/2024,SN-4098,15000,efectivo
129433445169,4/9/2024,SN-4098,15000,efectivo
129533445288,5/4/2024,SN-4098,15000,efectivo
139533445407,6/3/2024,SN-4098,15000,efectivo
149533446526,7/1/2024,SN-4098,20000,efectivo
149533446646,8/2/2024,SN-4098,20000,efectivo
149533446766,9/3/2024,SN-4098,20000,efectivo
169533546885,10/5/2024,SN-4098,20000,efectivo
189533547004,11/2/2024,SN-4098,20000,efectivo
199533547084,12/3/2024,SN-4098,20000,efectivo
107433442815,1/5/2024,SN-4099,15000,efectivo
117433442934,2/6/2024,SN-4099,15000,efectivo
127433444053,3/3/2024,SN-4099,15000,efectivo
129433445172,4/9/2024,SN-4099,15000,efectivo
129533445291,5/4/2024,SN-4099,15000,efectivo
139533445410,6/3/2024,SN-4099,15000,efectivo
149533446529,7/1/2024,SN-4099,20000,efectivo
149533446649,8/2/2024,SN-4099,20000,efectivo
149533446769,9/13/2024,SN-4099,22000,efectivo
169533546888,10/15/2024,SN-4099,22000,efectivo
189533547007,11/22/2024,SN-4099,22000,efectivo
199533547087,12/13/2024,SN-4099,22000,efectivo
107433442817,1/5/2024,SN-4100,15000,efectivo
117433442936,2/6/2024,SN-4100,15000,efectivo
127433444055,3/3/2024,SN-4100,15000,efectivo
129433445174,4/9/2024,SN-4100,15000,efectivo
129533445293,5/4/2024,SN-4100,15000,efectivo
139533445412,6/3/2024,SN-4100,15000,efectivo
149533446531,7/1/2024,SN-4100,20000,efectivo
149533446651,8/2/2024,SN-4100,20000,efectivo
149533446771,9/3/2024,SN-4100,20000,efectivo
169533546890,10/5/2024,SN-4100,20000,efectivo
189533547009,11/2/2024,SN-4100,20000,efectivo
199533547089,12/3/2024,SN-4100,20000,efectivo
107433442824,1/5/2024,SN-4101,15000,efectivo
117433442943,2/6/2024,SN-4101,15000,efectivo
127433444062,3/3/2024,SN-4101,15000,efectivo
129433445181,4/9/2024,SN-4101,15000,efectivo
129533445300,5/4/2024,SN-4101,15000,efectivo
139533445419,6/3/2024,SN-4101,15000,efectivo
149533446538,7/1/2024,SN-4101,20000,efectivo
149533446658,8/2/2024,SN-4101,20000,efectivo
149533446778,9/3/2024,SN-4101,20000,efectivo
169533546897,10/5/2024,SN-4101,20000,efectivo
189533547016,11/2/2024,SN-4101,20000,efectivo
199533547096,12/3/2024,SN-4101,20000,efectivo
107433442828,1/5/2024,SN-4102,15000,efectivo
117433442947,2/6/2024,SN-4102,15000,efectivo
127433444066,3/3/2024,SN-4102,15000,efectivo
129433445185,4/9/2024,SN-4102,15000,efectivo
129533445304,5/4/2024,SN-4102,15000,efectivo
139533445423,6/3/2024,SN-4102,15000,efectivo
149533446542,7/1/2024,SN-4102,20000,efectivo
149533446662,8/2/2024,SN-4102,20000,efectivo
149533446782,9/3/2024,SN-4102,20000,efectivo
169533546901,10/5/2024,SN-4102,20000,efectivo
189533547020,11/2/2024,SN-4102,20000,efectivo
199533547100,12/3/2024,SN-4102,20000,efectivo
107433442829,1/5/2024,SN-4103,15000,efectivo
117433442948,2/6/2024,SN-4103,15000,efectivo
127433444067,3/3/2024,SN-4103,15000,efectivo
129433445186,4/9/2024,SN-4103,15000,efectivo
129533445305,5/4/2024,SN-4103,15000,efectivo
139533445424,6/3/2024,SN-4103,15000,efectivo
149533446543,7/1/2024,SN-4103,20000,efectivo
149533446663,8/2/2024,SN-4103,20000,efectivo
149533446783,9/3/2024,SN-4103,20000,efectivo
169533546902,10/5/2024,SN-4103,20000,efectivo
189533547021,11/2/2024,SN-4103,20000,efectivo
199533547101,12/3/2024,SN-4103,20000,efectivo
107433442831,1/5/2024,SN-4104,15000,efectivo
117433442950,2/6/2024,SN-4104,15000,efectivo
127433444069,3/3/2024,SN-4104,15000,efectivo
129433445188,4/9/2024,SN-4104,15000,efectivo
129533445307,5/4/2024,SN-4104,15000,efectivo
139533445426,6/3/2024,SN-4104,15000,efectivo
149533446545,7/1/2024,SN-4104,20000,efectivo
149533446665,8/2/2024,SN-4104,20000,efectivo
149533446785,9/13/2024,SN-4104,22000,efectivo
169533546904,10/15/2024,SN-4104,22000,efectivo
189533547023,11/22/2024,SN-4104,22000,efectivo
199533547103,12/13/2024,SN-4104,22000,efectivo
107433442832,1/5/2024,SN-4105,15000,efectivo
117433442951,2/6/2024,SN-4105,15000,efectivo
127433444070,3/3/2024,SN-4105,15000,efectivo
129433445189,4/9/2024,SN-4105,15000,efectivo
129533445308,5/4/2024,SN-4105,15000,efectivo
139533445427,6/3/2024,SN-4105,15000,efectivo
149533446546,7/1/2024,SN-4105,20000,efectivo
149533446666,8/2/2024,SN-4105,20000,efectivo
149533446786,9/3/2024,SN-4105,20000,efectivo
169533546905,10/5/2024,SN-4105,20000,efectivo
189533547024,11/2/2024,SN-4105,20000,efectivo
199533547104,12/3/2024,SN-4105,20000,efectivo
107433442834,1/5/2024,SN-4106,15000,efectivo
117433442953,2/6/2024,SN-4106,15000,efectivo
127433444072,3/3/2024,SN-4106,15000,efectivo
129433445191,4/9/2024,SN-4106,15000,efectivo
129533445310,5/4/2024,SN-4106,15000,efectivo
139533445429,6/3/2024,SN-4106,15000,efectivo
149533446548,7/1/2024,SN-4106,20000,efectivo
149533446668,8/2/2024,SN-4106,20000,efectivo
149533446788,9/3/2024,SN-4106,20000,efectivo
169533546907,10/5/2024,SN-4106,20000,efectivo
189533547026,11/2/2024,SN-4106,20000,efectivo
199533547106,12/3/2024,SN-4106,20000,efectivo
107433442835,1/5/2024,SN-4107,15000,efectivo
117433442954,2/6/2024,SN-4107,15000,efectivo
127433444073,3/3/2024,SN-4107,15000,efectivo
129433445192,4/9/2024,SN-4107,15000,efectivo
129533445311,5/4/2024,SN-4107,15000,efectivo
139533445430,6/3/2024,SN-4107,15000,efectivo
149533446549,7/1/2024,SN-4107,20000,efectivo
149533446669,8/2/2024,SN-4107,20000,efectivo
149533446789,9/3/2024,SN-4107,20000,efectivo
169533546908,10/5/2024,SN-4107,20000,efectivo
189533547027,11/2/2024,SN-4107,20000,efectivo
199533547107,12/3/2024,SN-4107,20000,efectivo
107433442836,1/5/2024,SN-4108,15000,efectivo
117433442955,2/6/2024,SN-4108,15000,efectivo
127433444074,3/3/2024,SN-4108,15000,efectivo
129433445193,4/9/2024,SN-4108,15000,efectivo
129533445312,5/4/2024,SN-4108,15000,efectivo
139533445431,6/3/2024,SN-4108,15000,efectivo
149533446550,7/1/2024,SN-4108,20000,efectivo
149533446670,8/2/2024,SN-4108,20000,efectivo
149533446790,9/3/2024,SN-4108,20000,efectivo
169533546909,10/5/2024,SN-4108,20000,efectivo
189533547028,11/2/2024,SN-4108,20000,efectivo
199533547108,12/3/2024,SN-4108,20000,efectivo
107433442837,1/5/2024,SN-4109,15000,efectivo
117433442956,2/6/2024,SN-4109,15000,efectivo
127433444075,3/3/2024,SN-4109,15000,efectivo
129433445194,4/9/2024,SN-4109,15000,efectivo
129533445313,5/4/2024,SN-4109,15000,efectivo
139533445432,6/3/2024,SN-4109,15000,efectivo
149533446551,7/1/2024,SN-4109,20000,efectivo
149533446671,8/2/2024,SN-4109,20000,efectivo
149533446791,9/3/2024,SN-4109,20000,efectivo
169533546910,10/5/2024,SN-4109,20000,efectivo
189533547029,11/2/2024,SN-4109,20000,efectivo
199533547109,12/3/2024,SN-4109,20000,efectivo
107433442863,1/5/2024,SN-4110,15000,efectivo
117433442982,2/6/2024,SN-4110,15000,efectivo
127433444101,3/3/2024,SN-4110,15000,efectivo
129433445220,4/9/2024,SN-4110,15000,efectivo
129533445339,5/4/2024,SN-4110,15000,efectivo
139533445458,6/3/2024,SN-4110,15000,efectivo
149533446577,7/1/2024,SN-4110,20000,efectivo
149533446697,8/2/2024,SN-4110,20000,efectivo
149533446817,9/13/2024,SN-4110,22000,efectivo
169533546936,10/15/2024,SN-4110,22000,efectivo
189533547055,11/22/2024,SN-4110,22000,efectivo
199533547135,12/13/2024,SN-4110,22000,efectivo
107433442881,1/5/2024,SN-4111,15000,efectivo
117433443000,2/6/2024,SN-4111,15000,efectivo
127433444119,3/3/2024,SN-4111,15000,efectivo
129433445238,4/9/2024,SN-4111,15000,efectivo
129533445357,5/4/2024,SN-4111,15000,efectivo
139533445476,6/3/2024,SN-4111,15000,efectivo
149533446595,7/1/2024,SN-4111,20000,efectivo
149533446715,8/2/2024,SN-4111,20000,efectivo
149533446835,9/3/2024,SN-4111,20000,efectivo
169533546954,10/5/2024,SN-4111,20000,efectivo
189533547073,11/2/2024,SN-4111,20000,efectivo
199533547153,12/3/2024,SN-4111,20000,efectivo
107433442882,1/5/2024,SN-4112,15000,efectivo
117433443001,2/6/2024,SN-4112,15000,efectivo
127433444120,3/3/2024,SN-4112,15000,efectivo
129433445239,4/9/2024,SN-4112,15000,efectivo
129533445358,5/4/2024,SN-4112,15000,efectivo
139533445477,6/3/2024,SN-4112,15000,efectivo
149533446596,7/1/2024,SN-4112,20000,efectivo
149533446716,8/2/2024,SN-4112,20000,efectivo
149533446836,9/13/2024,SN-4112,22000,efectivo
169533546955,10/15/2024,SN-4112,22000,efectivo
189533547074,11/22/2024,SN-4112,22000,efectivo
199533547154,12/13/2024,SN-4112,22000,efectivo
107433442887,1/5/2024,SN-4113,15000,efectivo
117433443006,2/6/2024,SN-4113,15000,efectivo
127433444125,3/3/2024,SN-4113,15000,efectivo
129433445244,4/9/2024,SN-4113,15000,efectivo
129533445363,5/4/2024,SN-4113,15000,efectivo
139533445482,6/3/2024,SN-4113,15000,efectivo
149533446601,7/1/2024,SN-4113,20000,efectivo
149533446721,8/2/2024,SN-4113,20000,efectivo
149533446841,9/3/2024,SN-4113,20000,efectivo
169533546960,10/5/2024,SN-4113,20000,efectivo
189533547079,11/2/2024,SN-4113,20000,efectivo
199533547159,12/3/2024,SN-4113,20000,efectivo
107433442788,1/5/2024,SN-4114,15000,efectivo
117433442907,2/6/2024,SN-4114,15000,efectivo
127433444026,3/3/2024,SN-4114,15000,efectivo
129433445145,4/9/2024,SN-4114,15000,efectivo
129533445264,5/4/2024,SN-4114,15000,efectivo
139533445383,6/3/2024,SN-4114,15000,efectivo
149533446502,7/1/2024,SN-4114,20000,efectivo
149533446622,8/2/2024,SN-4114,20000,efectivo
149533446742,9/13/2024,SN-4114,22000,efectivo
169533546861,10/15/2024,SN-4114,22000,efectivo
189533546980,11/22/2024,SN-4114,22000,efectivo
199533547060,12/13/2024,SN-4114,22000,efectivo
107433442790,1/5/2024,SN-4115,15000,efectivo
117433442909,2/6/2024,SN-4115,15000,efectivo
127433444028,3/3/2024,SN-4115,15000,efectivo
129433445147,4/9/2024,SN-4115,15000,efectivo
129533445266,5/4/2024,SN-4115,15000,efectivo
139533445385,6/3/2024,SN-4115,15000,efectivo
149533446504,7/1/2024,SN-4115,20000,efectivo
149533446624,8/2/2024,SN-4115,20000,efectivo
149533446744,9/3/2024,SN-4115,20000,efectivo
169533546863,10/5/2024,SN-4115,20000,efectivo
189533546982,11/2/2024,SN-4115,20000,efectivo
199533547062,12/3/2024,SN-4115,20000,efectivo
107433442802,1/5/2024,SN-4116,15000,efectivo
117433442921,2/6/2024,SN-4116,15000,efectivo
127433444040,3/3/2024,SN-4116,15000,efectivo
129433445159,4/9/2024,SN-4116,15000,efectivo
129533445278,5/4/2024,SN-4116,15000,efectivo
139533445397,6/3/2024,SN-4116,15000,efectivo
149533446516,7/1/2024,SN-4116,20000,efectivo
149533446636,8/2/2024,SN-4116,20000,efectivo
149533446756,9/3/2024,SN-4116,20000,efectivo
169533546875,10/5/2024,SN-4116,20000,efectivo
189533546994,11/2/2024,SN-4116,20000,efectivo
199533547074,12/3/2024,SN-4116,20000,efectivo
107433442803,1/5/2024,SN-4117,15000,efectivo
117433442922,2/6/2024,SN-4117,15000,efectivo
127433444041,3/3/2024,SN-4117,15000,efectivo
129433445160,4/9/2024,SN-4117,15000,efectivo
129533445279,5/4/2024,SN-4117,15000,efectivo
139533445398,6/3/2024,SN-4117,15000,efectivo
149533446517,7/1/2024,SN-4117,20000,efectivo
149533446637,8/2/2024,SN-4117,20000,efectivo
149533446757,9/13/2024,SN-4117,22000,efectivo
169533546876,10/15/2024,SN-4117,22000,efectivo
189533546995,11/22/2024,SN-4117,22000,efectivo
199533547075,12/13/2024,SN-4117,22000,efectivo
107433442806,1/5/2024,SN-4118,15000,efectivo
117433442925,2/6/2024,SN-4118,15000,efectivo
127433444044,3/3/2024,SN-4118,15000,efectivo
129433445163,4/9/2024,SN-4118,15000,efectivo
129533445282,5/4/2024,SN-4118,15000,efectivo
139533445401,6/3/2024,SN-4118,15000,efectivo
149533446520,7/1/2024,SN-4118,20000,efectivo
149533446640,8/2/2024,SN-4118,20000,efectivo
149533446760,9/13/2024,SN-4118,22000,efectivo
169533546879,10/15/2024,SN-4118,22000,efectivo
189533546998,11/22/2024,SN-4118,22000,efectivo
199533547078,12/13/2024,SN-4118,22000,efectivo
107433442821,1/5/2024,SN-4119,15000,efectivo
117433442940,2/6/2024,SN-4119,15000,efectivo
127433444059,3/3/2024,SN-4119,15000,efectivo
129433445178,4/9/2024,SN-4119,15000,efectivo
129533445297,5/4/2024,SN-4119,15000,efectivo
139533445416,6/3/2024,SN-4119,15000,efectivo
149533446535,7/1/2024,SN-4119,20000,efectivo
149533446655,8/2/2024,SN-4119,20000,efectivo
149533446775,9/3/2024,SN-4119,20000,efectivo
169533546894,10/5/2024,SN-4119,20000,efectivo
189533547013,11/2/2024,SN-4119,20000,efectivo
199533547093,12/3/2024,SN-4119,20000,efectivo
107433442838,1/5/2024,SN-4120,15000,efectivo
117433442957,2/6/2024,SN-4120,15000,efectivo
127433444076,3/3/2024,SN-4120,15000,efectivo
129433445195,4/9/2024,SN-4120,15000,efectivo
129533445314,5/4/2024,SN-4120,15000,efectivo
139533445433,6/3/2024,SN-4120,15000,efectivo
149533446552,7/1/2024,SN-4120,20000,efectivo
149533446672,8/2/2024,SN-4120,20000,efectivo
149533446792,9/3/2024,SN-4120,20000,efectivo
169533546911,10/5/2024,SN-4120,20000,efectivo
189533547030,11/2/2024,SN-4120,20000,efectivo
199533547110,12/3/2024,SN-4120,20000,efectivo
